,suhu,kelembaban,jam,kadar_gas,status_kematangan
0,28.73,78.77,1,0.02,belum matang
1,28.51,78.62,2,0.01,belum matang
2,28.33,78.22,3,0.01,belum matang
3,29.2,78.46,4,0.01,belum matang
4,28.42,78.65,5,0.0,belum matang
5,28.48,78.93,6,0.02,belum matang
6,28.99,78.87,7,0.01,belum matang
7,28.5,79.07,8,0.01,belum matang
8,28.48,78.72,9,0.01,belum matang
9,28.53,78.97,10,0.01,belum matang
10,28.99,78.77,11,0.02,belum matang
11,30.19,79.32,12,0.01,belum matang
12,29.24,78.96,13,0.0,belum matang
13,29.18,79.13,14,0.0,belum matang
14,28.36,79.11,15,0.01,belum matang
15,29.09,79.62,16,0.01,belum matang
16,29.17,79.53,17,0.01,belum matang
17,28.04,79.93,18,0.01,belum matang
18,28.59,80.11,19,0.01,belum matang
19,29.21,80.11,20,0.0,belum matang
20,28.76,80.46,21,0.01,belum matang
21,29.54,80.56,22,0.03,belum matang
22,28.34,80.67,23,0.01,belum matang
23,28.09,81.25,24,0.01,belum matang
24,28.81,81.25,25,0.0,belum matang
25,28.4,81.86,26,0.01,belum matang
26,28.58,82.2,27,0.02,belum matang
27,28.92,82.58,28,0.02,belum matang
28,28.88,82.9,29,0.01,belum matang
29,28.67,83.36,30,0.23,belum matang
30,28.65,83.41,31,0.14,belum matang
31,28.6,84.41,32,0.16,belum matang
32,28.71,85.05,33,0.0,belum matang
33,28.32,85.84,34,0.14,belum matang
34,27.96,85.91,35,0.05,belum matang
35,28.85,86.6,36,0.1,belum matang
36,28.8,87.34,37,0.15,belum matang
37,28.51,87.7,38,0.22,belum matang
38,28.79,88.46,39,0.09,belum matang
39,28.41,88.97,40,0.14,belum matang
40,29.49,89.57,41,0.38,belum matang
41,28.36,89.75,42,0.21,belum matang
42,29.26,90.49,43,0.37,matang
43,28.8,90.46,44,0.37,matang
44,28.18,90.99,45,0.24,matang
45,29.11,91.18,46,0.32,matang
46,28.35,91.42,47,0.45,matang
47,29.32,91.86,48,0.56,matang
48,30.07,91.92,49,0.44,matang
49,28.08,92.43,50,0.63,matang
50,28.36,92.5,51,0.66,terlalu matang
51,28.91,92.71,52,0.6,terlalu matang
52,28.19,92.89,53,0.76,terlalu matang
53,29.16,92.61,54,0.61,terlalu matang
54,28.23,93.07,55,0.87,terlalu matang
55,29.01,93.2,56,0.71,terlalu matang
56,28.87,92.82,57,0.79,terlalu matang
57,29.24,93.11,58,1.06,terlalu matang
58,29.06,93.77,59,1.03,terlalu matang
59,28.09,93.27,60,1.01,terlalu matang
60,28.82,78.94,1,0.01,belum matang
61,28.9,78.64,2,0.0,belum matang
62,28.71,79.0,3,0.01,belum matang
63,28.31,78.89,4,0.01,belum matang
64,28.49,78.9,5,0.01,belum matang
65,28.36,78.97,6,0.01,belum matang
66,29.48,79.14,7,0.0,belum matang
67,28.47,79.07,8,0.01,belum matang
68,29.19,79.78,9,0.01,belum matang
69,29.5,79.24,10,0.01,belum matang
70,28.78,79.26,11,0.01,belum matang
71,28.82,79.07,12,0.01,belum matang
72,30.09,78.87,13,0.01,belum matang
73,28.13,79.23,14,0.02,belum matang
74,28.97,79.2,15,0.01,belum matang
75,29.28,79.38,16,0.01,belum matang
76,28.96,79.52,17,0.02,belum matang
77,29.25,79.39,18,0.01,belum matang
78,28.61,80.13,19,0.01,belum matang
79,28.88,80.24,20,0.01,belum matang
80,28.34,80.28,21,0.01,belum matang
81,28.61,80.93,22,0.01,belum matang
82,28.31,81.02,23,0.02,belum matang
83,29.45,80.82,24,0.01,belum matang
84,29.57,81.3,25,0.01,belum matang
85,29.32,81.61,26,0.01,belum matang
86,27.32,81.98,27,0.01,belum matang
87,28.31,82.92,28,0.0,belum matang
88,28.72,83.07,29,0.02,belum matang
89,28.22,83.75,30,0.1,belum matang
90,28.45,84.12,31,0.13,belum matang
91,28.64,84.56,32,0.08,belum matang
92,28.99,85.22,33,0.29,belum matang
93,28.32,86.07,34,0.0,belum matang
94,28.86,86.33,35,0.18,belum matang
95,28.63,86.73,36,0.11,belum matang
96,28.64,87.5,37,0.21,belum matang
97,28.59,88.05,38,0.22,belum matang
98,29.34,88.52,39,0.12,belum matang
99,28.66,89.05,40,0.28,belum matang
100,28.93,89.4,41,0.37,belum matang
101,28.64,89.93,42,0.24,belum matang
102,28.83,90.46,43,0.37,belum matang
103,29.34,90.88,44,0.31,matang
104,29.28,90.91,45,0.36,matang
105,28.87,91.31,46,0.42,matang
106,28.53,92.0,47,0.29,matang
107,28.33,92.07,48,0.5,matang
108,29.25,92.2,49,0.46,matang
109,28.49,92.29,50,0.43,matang
110,29.42,92.43,51,0.45,terlalu matang
111,28.78,92.7,52,0.52,terlalu matang
112,28.53,92.81,53,0.65,terlalu matang
113,28.68,92.79,54,0.71,terlalu matang
114,28.21,92.72,55,0.67,terlalu matang
115,28.83,93.15,56,0.95,terlalu matang
116,29.37,93.14,57,0.87,terlalu matang
117,28.44,93.24,58,0.91,terlalu matang
118,29.1,93.14,59,1.07,terlalu matang
119,29.7,93.34,60,1.14,terlalu matang
120,29.69,78.15,1,0.01,belum matang
121,30.13,78.16,2,0.02,belum matang
122,30.09,78.08,3,0.02,belum matang
123,30.49,78.55,4,0.01,belum matang
124,30.38,77.92,5,0.01,belum matang
125,29.81,77.97,6,0.02,belum matang
126,28.98,77.89,7,0.01,belum matang
127,30.18,78.5,8,0.01,belum matang
128,30.63,78.49,9,0.01,belum matang
129,29.85,78.34,10,0.01,belum matang
130,29.34,78.52,11,0.01,belum matang
131,30.03,78.57,12,0.0,belum matang
132,29.44,78.56,13,0.01,belum matang
133,30.02,78.73,14,0.02,belum matang
134,30.05,78.7,15,0.0,belum matang
135,29.21,78.98,16,0.02,belum matang
136,30.66,78.83,17,0.01,belum matang
137,30.01,79.54,18,0.01,belum matang
138,30.67,79.33,19,0.02,belum matang
139,30.4,79.51,20,0.0,belum matang
140,29.76,79.98,21,0.01,belum matang
141,29.67,79.85,22,0.0,belum matang
142,30.61,80.35,23,0.01,belum matang
143,29.99,80.03,24,0.01,belum matang
144,30.56,80.98,25,0.01,belum matang
145,29.88,81.3,26,0.01,belum matang
146,29.06,81.52,27,0.01,belum matang
147,30.45,81.65,28,0.01,belum matang
148,29.85,82.16,29,0.01,belum matang
149,30.26,82.8,30,0.31,belum matang
150,29.73,83.27,31,0.06,belum matang
151,29.48,83.78,32,0.0,belum matang
152,29.79,84.44,33,0.0,belum matang
153,29.84,85.0,34,0.19,belum matang
154,30.49,85.72,35,0.09,belum matang
155,29.52,86.23,36,0.11,belum matang
156,29.28,87.14,37,0.14,belum matang
157,29.58,86.77,38,0.27,belum matang
158,29.4,87.74,39,0.3,belum matang
159,29.4,88.25,40,0.37,belum matang
160,28.66,88.55,41,0.15,belum matang
161,29.8,89.15,42,0.16,belum matang
162,29.56,89.42,43,0.25,belum matang
163,30.0,90.14,44,0.41,matang
164,30.22,90.14,45,0.33,matang
165,31.08,90.83,46,0.32,matang
166,30.68,90.84,47,0.32,matang
167,30.59,90.92,48,0.23,matang
168,30.36,91.42,49,0.47,matang
169,29.71,91.57,50,0.45,terlalu matang
170,29.58,91.72,51,0.5,terlalu matang
171,29.48,91.85,52,0.33,terlalu matang
172,30.23,92.18,53,0.62,terlalu matang
173,30.01,92.28,54,0.61,terlalu matang
174,29.62,92.44,55,0.76,terlalu matang
175,30.91,92.76,56,0.89,terlalu matang
176,29.51,92.4,57,0.77,terlalu matang
177,30.03,92.04,58,0.89,terlalu matang
178,29.74,92.34,59,1.1,terlalu matang
179,29.32,92.76,60,1.38,terlalu matang
180,28.51,78.51,1,0.01,belum matang
181,27.44,78.75,2,0.02,belum matang
182,26.77,78.5,3,0.01,belum matang
183,27.91,78.75,4,0.01,belum matang
184,28.05,78.67,5,0.02,belum matang
185,28.14,78.8,6,0.01,belum matang
186,27.77,78.67,7,0.01,belum matang
187,27.8,78.85,8,0.02,belum matang
188,28.45,78.77,9,0.02,belum matang
189,27.81,78.47,10,0.0,belum matang
190,27.07,78.87,11,0.01,belum matang
191,28.85,79.06,12,0.01,belum matang
192,28.42,78.63,13,0.01,belum matang
193,28.4,78.86,14,0.02,belum matang
194,28.18,79.17,15,0.01,belum matang
195,29.15,79.39,16,0.01,belum matang
196,27.78,79.31,17,0.01,belum matang
197,27.58,79.64,18,0.01,belum matang
198,28.25,79.85,19,0.02,belum matang
199,27.75,79.91,20,0.01,belum matang
200,27.79,80.25,21,0.01,belum matang
201,27.55,80.58,22,0.02,belum matang
202,28.22,81.04,23,0.01,belum matang
203,27.39,80.6,24,0.02,belum matang
204,28.34,81.26,25,0.01,belum matang
205,27.45,82.11,26,0.01,belum matang
206,28.06,82.15,27,0.01,belum matang
207,28.12,82.27,28,0.01,belum matang
208,28.95,83.14,29,0.02,belum matang
209,27.75,83.15,30,0.09,belum matang
210,28.04,84.07,31,0.0,belum matang
211,28.77,84.35,32,0.07,belum matang
212,27.5,84.59,33,0.21,belum matang
213,28.05,85.22,34,0.01,belum matang
214,27.84,86.37,35,0.12,belum matang
215,27.26,86.55,36,0.13,belum matang
216,26.66,87.14,37,0.15,belum matang
217,28.36,88.07,38,0.3,belum matang
218,27.88,88.0,39,0.46,matang
219,28.04,88.73,40,0.22,matang
220,28.11,89.17,41,0.18,matang
221,27.74,89.64,42,0.21,matang
222,27.65,90.09,43,0.26,matang
223,28.76,89.92,44,0.42,matang
224,28.63,90.39,45,0.3,terlalu matang
225,27.82,90.84,46,0.28,terlalu matang
226,27.45,91.76,47,0.48,terlalu matang
227,28.65,91.81,48,0.31,terlalu matang
228,27.75,92.0,49,0.34,terlalu matang
229,28.37,92.06,50,0.46,terlalu matang
230,28.37,92.38,51,0.5,terlalu matang
231,28.59,92.24,52,0.64,terlalu matang
232,28.31,92.53,53,0.66,terlalu matang
233,27.38,92.9,54,0.66,terlalu matang
234,27.75,93.04,55,0.67,terlalu matang
235,27.31,92.61,56,0.86,terlalu matang
236,27.37,93.36,57,0.66,terlalu matang
237,28.86,93.12,58,0.93,terlalu matang
238,27.74,93.22,59,1.01,terlalu matang
239,28.56,93.22,60,1.12,terlalu matang
240,28.6,80.5,1,0.01,belum matang
241,27.98,80.66,2,0.0,belum matang
242,28.9,81.06,3,0.01,belum matang
243,28.39,80.78,4,0.02,belum matang
244,29.41,80.5,5,0.01,belum matang
245,28.55,80.89,6,0.01,belum matang
246,27.44,80.69,7,0.01,belum matang
247,27.91,80.91,8,0.0,belum matang
248,28.23,81.1,9,0.01,belum matang
249,28.91,80.53,10,0.02,belum matang
250,28.47,80.95,11,0.01,belum matang
251,28.93,80.69,12,0.01,belum matang
252,28.3,80.73,13,0.01,belum matang
253,28.45,81.2,14,0.01,belum matang
254,28.46,81.64,15,0.01,belum matang
255,27.85,81.27,16,0.01,belum matang
256,28.89,81.26,17,0.01,belum matang
257,27.74,81.85,18,0.0,belum matang
258,28.51,81.99,19,0.01,belum matang
259,29.03,82.09,20,0.02,belum matang
260,29.16,82.08,21,0.01,belum matang
261,27.86,82.39,22,0.01,belum matang
262,28.69,82.75,23,0.01,belum matang
263,29.19,82.93,24,0.01,belum matang
264,29.07,82.99,25,0.01,belum matang
265,28.1,83.88,26,0.01,belum matang
266,28.69,84.09,27,0.0,belum matang
267,28.3,84.63,28,0.01,belum matang
268,28.77,84.6,29,0.01,belum matang
269,28.98,85.36,30,0.22,belum matang
270,28.28,85.75,31,0.0,belum matang
271,29.08,86.44,32,0.0,belum matang
272,27.75,86.74,33,0.21,belum matang
273,28.47,87.31,34,0.04,belum matang
274,28.1,87.65,35,0.03,belum matang
275,28.09,88.73,36,0.15,belum matang
276,28.21,89.61,37,0.11,belum matang
277,29.21,90.02,38,0.03,belum matang
278,28.66,90.12,39,0.15,belum matang
279,28.9,90.6,40,0.17,belum matang
280,28.54,91.12,41,0.12,belum matang
281,29.02,91.86,42,0.3,matang
282,28.44,91.92,43,0.21,matang
283,29.8,92.63,44,0.22,matang
284,28.71,92.73,45,0.39,matang
285,28.9,93.33,46,0.27,matang
286,28.68,93.06,47,0.26,matang
287,29.07,93.48,48,0.34,terlalu matang
288,28.62,94.04,49,0.35,terlalu matang
289,26.88,93.93,50,0.62,terlalu matang
290,28.8,94.55,51,0.42,terlalu matang
291,27.81,94.54,52,0.61,terlalu matang
292,28.78,94.78,53,0.67,terlalu matang
293,28.83,94.86,54,0.73,terlalu matang
294,29.05,95.02,55,0.89,terlalu matang
295,28.3,95.01,56,0.76,terlalu matang
296,28.21,94.86,57,0.92,terlalu matang
297,28.83,95.15,58,0.92,terlalu matang
298,28.63,95.3,59,0.87,terlalu matang
299,28.64,95.21,60,1.18,terlalu matang
300,29.46,78.83,1,0.01,belum matang
301,29.48,78.66,2,0.01,belum matang
302,29.12,78.59,3,0.02,belum matang
303,28.83,78.6,4,0.01,belum matang
304,29.94,78.29,5,0.01,belum matang
305,29.53,78.93,6,0.01,belum matang
306,29.06,79.03,7,0.0,belum matang
307,28.24,78.77,8,0.01,belum matang
308,28.83,78.87,9,0.01,belum matang
309,29.06,78.52,10,0.01,belum matang
310,29.66,78.81,11,0.02,belum matang
311,28.8,78.58,12,0.01,belum matang
312,29.32,79.01,13,0.01,belum matang
313,29.52,78.79,14,0.02,belum matang
314,29.3,79.36,15,0.01,belum matang
315,29.57,79.36,16,0.01,belum matang
316,29.66,79.64,17,0.01,belum matang
317,29.69,79.5,18,0.02,belum matang
318,29.0,80.04,19,0.01,belum matang
319,28.62,79.88,20,0.01,belum matang
320,29.76,79.93,21,0.01,belum matang
321,28.39,80.21,22,0.0,belum matang
322,28.55,80.71,23,0.01,belum matang
323,29.55,80.65,24,0.01,belum matang
324,29.34,80.93,25,0.02,belum matang
325,29.78,81.47,26,0.01,belum matang
326,29.44,81.49,27,0.01,belum matang
327,29.0,82.12,28,0.01,belum matang
328,30.24,82.89,29,0.01,belum matang
329,29.63,83.52,30,0.19,belum matang
330,29.37,83.61,31,0.18,belum matang
331,29.54,84.45,32,0.18,belum matang
332,29.86,84.7,33,0.26,belum matang
333,29.44,85.78,34,0.07,belum matang
334,30.21,85.97,35,0.08,belum matang
335,29.1,86.43,36,0.2,belum matang
336,29.6,86.93,37,0.17,belum matang
337,30.41,87.93,38,0.23,belum matang
338,29.36,88.14,39,0.27,belum matang
339,28.83,88.56,40,0.06,matang
340,29.54,89.22,41,0.19,matang
341,30.13,89.29,42,0.11,matang
342,29.45,90.17,43,0.45,matang
343,29.11,90.56,44,0.3,matang
344,29.25,90.87,45,0.4,matang
345,28.55,91.31,46,0.5,matang
346,29.03,91.38,47,0.44,terlalu matang
347,29.47,91.45,48,0.35,terlalu matang
348,29.33,92.03,49,0.51,terlalu matang
349,29.15,92.15,50,0.21,terlalu matang
350,29.91,91.83,51,0.5,terlalu matang
351,28.78,92.08,52,0.7,terlalu matang
352,29.11,92.55,53,0.62,terlalu matang
353,29.58,92.62,54,0.55,terlalu matang
354,29.84,92.62,55,0.58,terlalu matang
355,29.13,93.11,56,0.89,terlalu matang
356,29.17,92.82,57,0.83,terlalu matang
357,30.38,93.04,58,0.98,terlalu matang
358,29.85,93.08,59,0.99,terlalu matang
359,29.24,93.07,60,1.1,terlalu matang
360,27.39,79.86,1,0.01,belum matang
361,27.07,79.92,2,0.01,belum matang
362,27.59,79.9,3,0.02,belum matang
363,26.32,80.54,4,0.01,belum matang
364,27.57,79.79,5,0.01,belum matang
365,27.5,79.87,6,0.02,belum matang
366,27.28,80.14,7,0.01,belum matang
367,27.35,80.47,8,0.01,belum matang
368,27.52,80.02,9,0.01,belum matang
369,27.47,80.24,10,0.0,belum matang
370,27.7,79.99,11,0.02,belum matang
371,26.98,80.33,12,0.02,belum matang
372,27.24,80.41,13,0.02,belum matang
373,27.65,80.5,14,0.0,belum matang
374,26.9,80.73,15,0.01,belum matang
375,27.73,80.76,16,0.02,belum matang
376,27.24,80.78,17,0.0,belum matang
377,26.73,80.57,18,0.01,belum matang
378,28.14,80.75,19,0.01,belum matang
379,26.72,81.12,20,0.01,belum matang
380,27.02,81.66,21,0.02,belum matang
381,26.24,81.54,22,0.01,belum matang
382,27.93,81.85,23,0.01,belum matang
383,26.79,81.92,24,0.02,belum matang
384,26.45,83.01,25,0.01,belum matang
385,27.71,83.01,26,0.01,belum matang
386,27.56,83.24,27,0.01,belum matang
387,27.35,83.51,28,0.01,belum matang
388,26.87,84.34,29,0.01,belum matang
389,26.41,84.7,30,0.25,belum matang
390,27.75,85.0,31,0.0,belum matang
391,27.3,85.62,32,0.02,belum matang
392,27.64,86.56,33,0.15,belum matang
393,27.45,86.56,34,0.28,belum matang
394,27.33,87.19,35,0.16,belum matang
395,27.6,87.9,36,0.28,belum matang
396,27.56,88.37,37,0.22,belum matang
397,27.62,88.71,38,0.3,belum matang
398,27.22,89.44,39,0.28,belum matang
399,27.74,89.86,40,0.3,belum matang
400,27.09,90.84,41,0.16,belum matang
401,27.49,90.76,42,0.48,belum matang
402,26.75,91.44,43,0.21,belum matang
403,27.19,91.81,44,0.43,matang
404,28.18,91.77,45,0.36,matang
405,28.1,92.06,46,0.39,matang
406,27.37,92.76,47,0.31,matang
407,26.65,92.56,48,0.52,matang
408,27.92,93.23,49,0.4,matang
409,26.55,93.49,50,0.39,terlalu matang
410,27.01,93.44,51,0.52,terlalu matang
411,26.99,93.73,52,0.52,terlalu matang
412,27.72,94.07,53,0.64,terlalu matang
413,27.6,94.41,54,0.56,terlalu matang
414,26.75,94.24,55,0.93,terlalu matang
415,27.24,94.54,56,0.81,terlalu matang
416,27.03,94.08,57,0.93,terlalu matang
417,26.91,94.36,58,1.1,terlalu matang
418,27.21,94.67,59,0.9,terlalu matang
419,27.1,94.18,60,1.11,terlalu matang
420,28.66,80.52,1,0.01,belum matang
421,28.49,80.74,2,0.01,belum matang
422,28.17,80.35,3,0.0,belum matang
423,28.82,80.42,4,0.0,belum matang
424,28.76,81.16,5,0.01,belum matang
425,28.98,80.7,6,0.01,belum matang
426,29.02,80.66,7,0.01,belum matang
427,28.72,80.62,8,0.01,belum matang
428,28.48,80.64,9,0.01,belum matang
429,28.11,80.84,10,0.01,belum matang
430,29.11,80.99,11,0.01,belum matang
431,28.97,81.23,12,0.01,belum matang
432,28.57,80.77,13,0.0,belum matang
433,28.41,80.99,14,0.01,belum matang
434,28.59,81.31,15,0.01,belum matang
435,28.81,81.33,16,0.0,belum matang
436,28.09,81.41,17,0.0,belum matang
437,28.86,81.89,18,0.02,belum matang
438,28.46,82.04,19,0.01,belum matang
439,28.39,81.8,20,0.01,belum matang
440,28.37,82.16,21,0.01,belum matang
441,28.56,82.45,22,0.02,belum matang
442,29.04,82.33,23,0.0,belum matang
443,29.03,82.64,24,0.01,belum matang
444,27.98,82.87,25,0.01,belum matang
445,28.94,83.47,26,0.0,belum matang
446,28.29,84.04,27,0.0,belum matang
447,28.65,84.38,28,0.01,belum matang
448,28.62,84.64,29,0.02,belum matang
449,28.48,85.3,30,0.01,belum matang
450,28.34,85.63,31,0.09,belum matang
451,29.42,86.06,32,0.0,belum matang
452,29.3,86.84,33,0.06,belum matang
453,29.08,87.31,34,0.32,belum matang
454,28.9,87.9,35,0.36,belum matang
455,28.26,88.7,36,0.19,belum matang
456,29.21,89.42,37,0.18,belum matang
457,28.19,89.75,38,0.12,belum matang
458,29.57,90.21,39,0.17,belum matang
459,28.66,90.41,40,0.13,belum matang
460,29.16,91.03,41,0.14,belum matang
461,28.83,91.84,42,0.33,belum matang
462,29.06,91.87,43,0.14,belum matang
463,29.31,92.34,44,0.28,matang
464,29.23,92.87,45,0.38,matang
465,29.65,92.95,46,0.45,matang
466,28.59,93.42,47,0.54,matang
467,28.82,93.73,48,0.53,matang
468,28.38,93.69,49,0.35,matang
469,27.58,94.48,50,0.38,matang
470,28.45,94.19,51,0.57,matang
471,28.97,94.58,52,0.52,terlalu matang
472,28.48,94.61,53,0.6,terlalu matang
473,29.37,94.77,54,0.76,terlalu matang
474,28.89,95.02,55,0.76,terlalu matang
475,27.91,94.96,56,0.74,terlalu matang
476,28.3,95.08,57,0.99,terlalu matang
477,28.57,95.09,58,1.11,terlalu matang
478,28.68,95.62,59,1.07,terlalu matang
479,27.68,95.3,60,1.14,terlalu matang
480,28.72,78.29,1,0.01,belum matang
481,29.03,78.06,2,0.01,belum matang
482,27.68,78.3,3,0.02,belum matang
483,28.13,77.96,4,0.01,belum matang
484,29.11,77.91,5,0.0,belum matang
485,28.16,78.06,6,0.01,belum matang
486,27.34,78.38,7,0.01,belum matang
487,27.54,78.59,8,0.02,belum matang
488,28.01,78.57,9,0.01,belum matang
489,28.48,78.21,10,0.02,belum matang
490,28.24,78.46,11,0.01,belum matang
491,29.32,78.88,12,0.02,belum matang
492,28.86,78.45,13,0.01,belum matang
493,28.38,78.92,14,0.02,belum matang
494,28.06,78.94,15,0.01,belum matang
495,27.0,79.02,16,0.01,belum matang
496,27.94,78.81,17,0.01,belum matang
497,28.62,78.85,18,0.01,belum matang
498,28.67,79.66,19,0.0,belum matang
499,28.21,79.52,20,0.02,belum matang
500,28.23,79.91,21,0.0,belum matang
501,27.76,79.98,22,0.0,belum matang
502,27.8,80.06,23,0.01,belum matang
503,27.44,80.49,24,0.02,belum matang
504,28.29,80.7,25,0.01,belum matang
505,28.29,81.4,26,0.0,belum matang
506,28.36,81.55,27,0.01,belum matang
507,26.95,81.89,28,0.01,belum matang
508,28.77,82.44,29,0.0,belum matang
509,28.58,82.73,30,0.14,belum matang
510,28.45,83.16,31,0.02,belum matang
511,28.56,83.83,32,0.03,belum matang
512,27.92,84.36,33,0.28,belum matang
513,28.12,84.97,34,0.15,belum matang
514,27.82,85.18,35,0.05,belum matang
515,28.51,86.12,36,0.23,belum matang
516,28.43,86.63,37,0.11,belum matang
517,28.83,87.01,38,0.08,belum matang
518,28.67,87.46,39,0.45,belum matang
519,28.42,88.29,40,0.14,belum matang
520,28.23,88.62,41,0.19,belum matang
521,28.7,89.06,42,0.36,belum matang
522,29.72,89.51,43,0.3,belum matang
523,28.57,90.31,44,0.3,belum matang
524,27.97,90.05,45,0.33,matang
525,28.16,91.02,46,0.54,matang
526,27.87,90.77,47,0.4,matang
527,29.08,91.18,48,0.36,matang
528,28.36,91.28,49,0.52,matang
529,28.03,91.5,50,0.61,matang
530,28.0,91.5,51,0.55,terlalu matang
531,28.2,92.05,52,0.61,terlalu matang
532,28.37,92.08,53,0.56,terlalu matang
533,28.43,92.39,54,0.58,terlalu matang
534,28.38,92.53,55,0.79,terlalu matang
535,29.04,92.31,56,0.62,terlalu matang
536,28.48,92.58,57,1.0,terlalu matang
537,28.98,92.68,58,1.02,terlalu matang
538,28.29,92.39,59,1.03,terlalu matang
539,28.88,92.82,60,1.19,terlalu matang
540,27.66,81.94,1,0.01,belum matang
541,28.04,82.45,2,0.0,belum matang
542,27.84,82.34,3,0.01,belum matang
543,28.06,81.86,4,0.01,belum matang
544,27.74,82.3,5,0.02,belum matang
545,29.13,82.24,6,0.01,belum matang
546,27.93,82.09,7,0.01,belum matang
547,27.68,82.22,8,0.02,belum matang
548,27.33,82.46,9,0.02,belum matang
549,27.77,81.85,10,0.01,belum matang
550,28.48,82.33,11,0.01,belum matang
551,27.58,82.56,12,0.01,belum matang
552,27.71,82.39,13,0.01,belum matang
553,27.37,82.87,14,0.01,belum matang
554,28.44,82.95,15,0.01,belum matang
555,27.61,82.84,16,0.01,belum matang
556,27.38,82.94,17,0.0,belum matang
557,28.42,82.93,18,0.01,belum matang
558,27.97,83.13,19,0.01,belum matang
559,27.59,83.54,20,0.0,belum matang
560,27.89,83.96,21,0.0,belum matang
561,27.49,83.91,22,0.01,belum matang
562,28.01,84.16,23,0.01,belum matang
563,28.39,84.43,24,0.01,belum matang
564,28.17,85.05,25,0.01,belum matang
565,27.34,85.24,26,0.01,belum matang
566,26.74,85.58,27,0.01,belum matang
567,27.79,85.89,28,0.01,belum matang
568,28.19,86.18,29,0.01,belum matang
569,27.7,86.89,30,0.16,belum matang
570,27.36,87.47,31,0.05,belum matang
571,28.23,87.85,32,0.3,belum matang
572,27.72,88.25,33,0.13,belum matang
573,27.68,89.03,34,0.0,belum matang
574,27.3,89.22,35,0.24,belum matang
575,28.69,89.97,36,0.14,belum matang
576,27.87,90.78,37,0.08,belum matang
577,27.95,91.29,38,0.24,belum matang
578,27.93,91.82,39,0.0,belum matang
579,28.17,91.99,40,0.04,belum matang
580,28.09,92.87,41,0.23,belum matang
581,28.31,93.37,42,0.39,matang
582,28.65,93.61,43,0.29,matang
583,27.03,93.8,44,0.22,matang
584,28.92,94.16,45,0.34,matang
585,28.11,94.53,46,0.53,matang
586,27.52,94.85,47,0.32,matang
587,27.17,94.94,48,0.42,matang
588,27.62,95.16,49,0.32,terlalu matang
589,27.79,95.2,50,0.57,terlalu matang
590,27.87,95.39,51,0.51,terlalu matang
591,27.45,95.91,52,0.72,terlalu matang
592,26.89,96.01,53,0.61,terlalu matang
593,28.17,96.16,54,0.61,terlalu matang
594,27.67,96.06,55,0.85,terlalu matang
595,27.84,96.7,56,0.79,terlalu matang
596,27.48,96.1,57,0.69,terlalu matang
597,27.04,96.53,58,0.99,terlalu matang
598,27.04,96.71,59,0.97,terlalu matang
599,27.9,96.91,60,1.19,terlalu matang
600,28.602678876681292,93.71024353424376,48,0.4410959040968918,matang
601,28.646368085312044,93.71421528048292,48,0.4589687621731085,matang
602,27.933282312528476,91.87540884350253,43,0.2991823129949885,matang
603,28.94797863499092,90.13429564388964,43,0.4012021365009082,matang
604,29.18814552834895,91.00696347294162,45,0.3646545876279717,matang
605,28.64155497356322,89.93949095371745,44,0.4065062628109996,matang
606,28.26012578151709,91.23079111898336,46,0.4925719982287481,matang
607,28.046164238441133,92.59917880779432,49,0.581361092759132,matang
608,28.095467041611993,89.07864997584683,40,0.1883045476502889,matang
609,28.033046555608507,91.55666593431822,50,0.6112186222434024,matang
610,28.515359673081637,93.7023054248256,48,0.4053744117152156,matang
611,28.04586723272918,91.79513052876275,50,0.6163468930916722,matang
612,28.734257257152574,93.12658845195998,46,0.2624662389614807,matang
613,27.66291277230746,90.09057390099144,43,0.2613630148546766,matang
614,28.164245758301405,91.01363136254788,45,0.4763136254789005,matang
615,28.646879449900183,91.57654954371704,49,0.5006598123662799,matang
616,28.800240899756247,92.2884141820992,49,0.5253496128559297,matang
617,28.511277652324868,91.38588357354666,46,0.4406955200581808,matang
618,28.15488966861625,91.1085790773184,46,0.527224171540613,matang
619,27.96319175898413,88.3795624003651,39,0.3352123615238014,matang
620,28.819980320167225,93.23179402929614,46,0.2663627418257828,matang
621,28.8652186838584,91.209830738353,48,0.4077291813647999,matang
622,28.76237671075517,92.74225837911293,45,0.3933431943035215,matang
623,28.338781664015503,91.8387495142584,48,0.5058544426770025,matang
624,28.41397527256545,92.21027580600072,42,0.2460342379862967,matang
625,28.821260890360453,93.35285974150824,46,0.3385792245247654,matang
626,28.691909613403475,91.89394038482033,42,0.2490894227695045,matang
627,28.15019035030631,91.8780599801396,45,0.3711786186351321,matang
628,28.076504923934312,93.51348061693764,49,0.4501996925827033,matang
629,27.97357022338775,90.04941249488556,44,0.3304067343099968,matang
630,28.62099328147701,91.31,46,0.4822516796307485,matang
631,28.53383546959931,92.02710398516844,47,0.2892329060801384,matang
632,29.01092069176381,90.37882640779668,44,0.3339700485381218,matang
633,29.27450603703888,92.08097067723972,48,0.4950086243412547,matang
634,28.4582556841886,93.79785500104148,50,0.5411051053398979,matang
635,28.466133356466575,91.79420748194786,47,0.3467703498074863,matang
636,28.893807304711164,90.93808674147554,45,0.3178698877866722,matang
637,29.49673303834532,92.11574969422357,49,0.4539821210159678,matang
638,29.717195416476592,90.21541455560624,44,0.4005731805492197,matang
639,28.997352525354447,92.189066736378,43,0.2548444560630016,matang
640,28.159784367519336,92.40275655743244,50,0.5910807963320311,matang
641,28.344395081838584,93.29684989637146,42,0.3856400600486299,matang
642,28.438315888088056,91.7045734171726,47,0.3714969883661753,matang
643,29.24246120565141,90.74429385134108,44,0.305759182854409,matang
644,31.04750092305467,90.83081247692364,46,0.32,matang
645,28.434157313325528,88.85875805568634,40,0.2121168537334894,matang
646,27.737762105851974,92.23598575570368,47,0.3869227210925772,matang
647,28.95909595552043,91.93655540337446,48,0.5381270276072987,matang
648,27.985774430192457,90.03857508726783,43,0.3083999178655797,matang
649,28.638731055201884,91.21553803663176,46,0.4590877089799636,matang
650,27.304736960464552,94.78883170289345,48,0.4068549306863851,matang
651,28.924042149599572,93.29648670055818,45,0.278014049866524,matang
652,27.723373598744654,93.95289118108585,49,0.3884337411026268,matang
653,30.13634584157619,91.80561061797208,49,0.446863362921675,matang
654,28.823375019438707,91.48452831026609,48,0.4079033297047741,matang
655,30.790186055463447,90.83724534861342,46,0.32,matang
656,28.860550128802057,93.28158424898434,46,0.2682068240364571,matang
657,28.614523323970143,92.6251321755082,45,0.39,matang
658,29.28346991765034,90.80134945064395,44,0.3075421703326234,matang
659,28.014080727581305,90.20713901670008,43,0.2948251130729943,matang
660,28.040988187835225,91.7043802937352,50,0.6143952751340904,matang
661,29.011559345678315,90.3363740893986,44,0.3722904689230784,matang
662,28.93034135734523,93.31462704561174,46,0.2772819257628558,matang
663,28.35034829811888,93.5654628520993,49,0.3776749217557095,matang
664,28.057235047746452,92.00657188808404,50,0.6208940190985819,matang
665,28.690978326245503,93.55610122233092,47,0.5356096379893258,matang
666,27.61361100363229,94.44680913391312,49,0.378739587363789,matang
667,29.317095618312173,90.84208929927532,44,0.3143439344580364,matang
668,27.492809122016656,92.6422378282032,46,0.3234585339196333,matang
669,29.294904110271354,90.8749893455857,44,0.355095889728646,matang
670,28.56217362470725,91.30717397997869,46,0.496087049201241,matang
671,28.18,91.07349064174558,45,0.2528447141147047,matang
672,28.806955012651414,93.39021746710247,45,0.3669154731782349,matang
673,28.534618151336897,91.29856221509668,46,0.5015776255039079,matang
674,28.480652186535774,91.39621620052309,45,0.4737602867973208,matang
675,29.25340627671902,90.870378475191,44,0.3965937232809797,matang
676,30.71170803188739,90.8392072992028,46,0.32,matang
677,28.54648125733288,92.43381510762184,45,0.380744222113182,matang
678,29.214983596018723,90.9475363231014,45,0.3799906262964139,matang
679,29.259732735509044,91.21369988790796,48,0.3754457819578086,matang
680,29.74796700805593,90.15374725410604,43,0.4283296721413867,matang
681,28.59488650724057,92.45853131783338,47,0.2770226985518857,matang
682,29.334865195773443,91.12989380569246,44,0.3048651957734425,matang
683,27.726321454219043,93.93263265794648,44,0.2642108859821613,matang
684,28.422724831926597,94.06025865997518,50,0.574423000228119,matang
685,28.45210879637859,92.48367469793564,48,0.5074760487578728,matang
686,30.56527421428855,90.92144874365432,46,0.32,matang
687,29.277141657659502,90.77595860578124,44,0.3219214097542325,matang
688,29.16414349774599,91.0601108264196,45,0.3509391415691375,matang
689,28.160469267682195,93.4704692676822,49,0.3738620361215004,matang
690,28.65050876935488,92.2709923825764,49,0.4363358724745347,matang
691,28.910138541542803,90.19453904739257,44,0.3685239286138966,matang
692,28.40662335331543,92.32958115612983,48,0.5046912257131899,matang
693,27.922718071098668,88.0251811787529,39,0.4420134437479288,matang
694,28.569684495325703,91.69384289229788,43,0.2353042917708683,matang
695,29.166209393791895,90.68446365768206,44,0.3401495669942123,matang
696,30.162249680416547,91.55895968403162,49,0.4682184655893382,matang
697,28.36969209604956,92.7042035440626,42,0.3073494054698393,matang
698,28.955668627464338,90.27779406164908,44,0.3529136134407985,matang
699,28.16597250601315,91.0325736968698,46,0.5371709182042973,matang
700,29.45200121873715,90.39860616643864,44,0.3422698135517824,matang
701,29.291516771003007,90.90424161449847,44,0.3504026908308295,matang
702,29.40609422563885,90.2439465673451,43,0.4315133581637254,matang
703,27.95113069872022,93.14192290118184,48,0.4075928533463944,matang
704,27.678234438065903,89.94882780967048,42,0.2443142010744975,matang
705,28.80740454265663,93.39327855237612,45,0.3668084422246108,matang
706,29.887785966035008,89.27561104748723,41,0.1183935556324502,matang
707,28.173479286427373,90.99978107035894,45,0.3378107035894142,matang
708,29.28833442656996,90.16281486340311,43,0.4329353005823847,matang
709,28.312131438291015,91.98453007880414,50,0.4996007415382984,matang
710,30.60284086912954,90.90858589410708,47,0.2428408691295394,matang
711,30.212670595021983,91.52352877106564,49,0.4686727080632611,matang
712,30.01528470954512,89.27638971130197,41,0.1255546156548985,matang
713,28.142905494213423,90.82395792647914,45,0.2558976453371036,matang
714,29.23156699679317,90.4881456737039,43,0.37,matang
715,29.226904394576543,90.50544461586428,43,0.3545553841357194,matang
716,27.56458220059018,94.82581982340872,46,0.3358682408880309,matang
717,29.30789824679021,90.40932926856384,43,0.3901676828590347,matang
718,27.09258385650007,93.84230205115284,44,0.2379638847361315,matang
719,28.859266813697783,92.201841001854,42,0.3203746292495762,matang
720,28.409526791911624,91.1219193938794,46,0.4978264577050778,matang
721,29.045115220803343,93.6393592424635,45,0.3561438994584963,matang
722,29.342863888250932,90.86151490310765,43,0.3136449486830023,matang
723,29.856372252503615,90.20777938645897,44,0.3922482559274129,matang
724,27.90201581302141,93.15973516661222,50,0.5410079065107055,matang
725,28.456272321905136,92.89160036640564,44,0.3643251754308767,matang
726,28.981188711672484,91.2099026205046,46,0.3614036283909868,matang
727,27.98259646424195,88.46809636810391,39,0.3061053036370721,matang
728,29.29963618428247,90.87551513158694,44,0.3503638157175311,matang
729,30.2128083831348,91.64536849397156,48,0.382327383734023,matang
730,27.25432633917438,91.80740095599296,44,0.4254516729876701,matang
731,28.318221335989097,88.99359025700925,40,0.1452964440018173,matang
732,29.622145578088848,92.94469439582645,45,0.4453575963481413,matang
733,28.74729661870751,92.2988220322199,49,0.5330423716407895,matang
734,29.16711559331715,89.30700636155933,41,0.1941431600742539,matang
735,29.543284917191603,91.65336653279412,44,0.2702268640277303,matang
736,28.465386510457098,94.36766295201342,45,0.4466377321150019,matang
737,28.35327329205961,91.6854846757719,49,0.5702532837631632,matang
738,28.405807822050196,91.32735190593954,49,0.516911832221335,matang
739,28.79429625278048,90.38299941253648,44,0.3771296840244002,matang
740,28.301550624262894,92.0318766570796,46,0.343127761799326,matang
741,28.330626824384616,92.0534936245384,48,0.5004178829230781,matang
742,28.559039922636767,92.20521545329984,47,0.2841920154726464,matang
743,28.019373729848912,90.0418752090122,44,0.3356248552992433,matang
744,28.796041735813414,90.40656343348108,44,0.3749478302332332,matang
745,29.240574213675536,90.97261742533884,45,0.3507233443942439,matang
746,30.18832788156652,90.14,44,0.3415171339758105,matang
747,30.169076528037863,90.18282201051362,44,0.3288426483644969,matang
748,28.2728953172007,94.45559102794536,45,0.4917899873232928,matang
749,28.184690561832145,91.39687295877856,49,0.5678116649548692,matang
750,28.457664291345147,93.47423361742013,42,0.346569326074957,matang
751,28.36338742683513,92.07255666782557,50,0.4795440503688618,matang
752,28.3581840692964,91.32781950852812,48,0.518789379530934,matang
753,27.98971144528103,93.2687285807117,48,0.4100694309850379,matang
754,28.42192015855528,91.65174273312256,47,0.3860709701730833,matang
755,28.563019937390056,92.3350473627353,49,0.5598176159347783,matang
756,28.768008968761897,90.36776620341912,43,0.3363857059402538,matang
757,28.495921290795557,93.5499562726642,48,0.4831886308926915,matang
758,27.344155267614596,93.85983909859326,44,0.2399463661977519,matang
759,29.92886742031228,91.72295802896976,49,0.466115922705516,matang
760,28.43398170881369,91.73469314076588,46,0.4030122743693645,matang
761,29.274039531254616,92.08323656247758,48,0.4943421875065942,matang
762,30.153811047935676,91.77549819321436,49,0.4486701084071387,matang
763,28.308444464817665,90.9806585843769,45,0.2540121234346544,matang
764,29.252287020560203,90.87304936074696,45,0.396950639253063,matang
765,29.259006206268467,90.88200827502465,45,0.3879917249753772,matang
766,29.974574565846908,91.3477327310963,48,0.4368775017524686,matang
767,27.958243965665886,92.92919974076987,50,0.5691219828329434,matang
768,28.4642830800241,92.02300092199155,47,0.3590027659746976,matang
769,28.197081187287814,89.17304479675832,41,0.180608959351663,matang
770,28.171993096086428,91.00201035587035,45,0.3601035587035719,matang
771,30.689508594858076,90.84735517356188,45,0.3286775867809317,matang
772,28.004874231086887,88.56973867933394,39,0.2726886533696661,matang
773,28.36365658914664,91.46400456502806,47,0.437860809647433,matang
774,28.240246517470855,93.55024651747084,49,0.3651905959270812,matang
775,28.059300514568605,91.02634444681163,47,0.4197188036008962,matang
776,28.441690043501374,94.17494800332324,50,0.5673345422551581,matang
777,27.93371348057495,88.24506775512323,39,0.3794297791375695,matang
778,28.722997544761224,91.96579790346004,47,0.3559611861842159,matang
779,30.02468636297942,90.14,44,0.4010231407347566,matang
780,28.54351885955203,93.4119776779974,46,0.3246489612648272,matang
781,28.35177033105459,93.72274535852992,50,0.5859291355046614,matang
782,28.359114469717984,91.44936884686906,47,0.4418982491395702,matang
783,28.146153577444856,91.26000465762247,46,0.5053839436121419,matang
784,28.78567894322075,90.26666573348008,44,0.3879013209740674,matang
785,28.110742456096528,93.43693808115508,42,0.3635361074503201,matang
786,28.577801744101286,91.3451062759119,47,0.4219148534669645,matang
787,27.857637938225604,89.6747241235488,42,0.2238890542216341,matang
788,30.15804373434743,90.9530351148547,46,0.32,matang
789,28.693896851932085,92.71231293572868,45,0.39,matang
790,28.530081912877773,93.7036438102616,48,0.4113971461772702,matang
791,28.801836683804567,90.46167342302194,44,0.3701224455869709,matang
792,28.467578500846784,88.34636206365705,39,0.2125985259592483,matang
793,27.69324046884532,90.00351906230937,42,0.2524799184616836,matang
794,28.86501697920199,93.21952730274312,45,0.2920945394513736,matang
795,29.609807613124826,92.51743715878816,44,0.2432888636990012,matang
796,27.13953157229484,92.41721995808066,48,0.5141722431869662,matang
797,28.948567314610088,92.1978572957631,42,0.2980693868813537,matang
798,30.93505005076084,90.833623748731,46,0.32,matang
799,29.23366844817183,90.98358540584474,45,0.3490984583933719,matang
800,28.587853590932387,89.18670816751512,41,0.1833416335030236,matang
801,29.398792101511734,90.50052370842424,43,0.3848263110149417,matang
802,28.879538429449234,90.43878975214686,44,0.3726512809816411,matang
803,28.790551912670825,89.2104288264953,41,0.1564165178777436,matang
804,29.177875782004524,90.4846440727394,43,0.37,matang
805,29.115282390174094,90.55750718665942,44,0.3006528796844391,matang
806,28.683609629075967,93.54616950005892,47,0.5359300161271319,matang
807,28.637285337328848,92.5982904223315,45,0.3858840756978593,matang
808,28.79930502911079,93.70210677836673,47,0.530899781343009,matang
809,28.350465228021957,91.1616279900676,46,0.5204651048182608,matang
810,29.24742069159,90.9617436074747,45,0.3523342803741179,matang
811,28.33408024178567,90.31009538213974,43,0.3254337622577602,matang
812,28.69715400217528,91.27583924949502,46,0.4527004993008037,matang
813,29.32952910562335,91.38958352633024,44,0.2995291056233512,matang
814,27.69664066774929,89.85679666125354,42,0.2340885179170599,matang
815,29.25886543962823,90.88182058617096,45,0.3881794138290229,matang
816,28.41770762826087,92.03930233010868,47,0.4079069903260808,matang
817,28.24748409003587,93.13343317815064,49,0.4736815159665204,matang
818,28.980927331646573,91.24991436202478,46,0.3737802784805943,matang
819,28.568117025481243,91.25109485757206,48,0.4737517721152791,matang
820,29.17673999753361,90.3950835971883,43,0.3783260002466391,matang
821,27.95817479321749,89.47365041356503,41,0.2064043837882622,matang
822,28.617143573321083,92.61581458480232,47,0.2725712853357835,matang
823,27.42386281940088,94.65517830018436,49,0.3952328956682068,matang
824,28.872495484350132,91.42623869190452,48,0.3987341762546416,matang
825,29.29247973669227,90.6483387163748,43,0.3456401974807994,matang
826,28.61784694453752,90.9581565858518,45,0.2877651212222751,matang
827,27.94269073659396,88.28602648570994,39,0.365963895109061,matang
828,29.299675864526225,92.40839739751374,44,0.2929051693422151,matang
829,28.63243564158019,93.47719586473852,47,0.538154972105209,matang
830,29.55986209476279,91.71643188224972,44,0.2669835031985851,matang
831,28.532597867209027,91.91037358128858,46,0.3172776056947812,matang
832,30.976280352623743,90.74678307361673,45,0.3212060424113518,matang
833,29.204595883772924,92.90541179837714,45,0.3715319612576414,matang
834,28.481061498350964,93.49074929295362,42,0.3396877946026572,matang
835,30.67881879540635,90.50812205677953,45,0.3246648977278331,matang
836,30.22912323308929,90.14731980329256,45,0.3298939158943106,matang
837,29.28955991566415,92.33013237307924,43,0.2783553955132074,matang
838,28.828225262512813,92.65315357936667,44,0.3683253685393177,matang
839,28.994643251531897,90.52278814565544,44,0.3260482980411848,matang
840,29.93500477149118,91.81909447566008,48,0.4290912946659537,matang
841,29.419463231286397,90.22143034730712,43,0.4371424131732199,matang
842,29.081915986144544,92.48825460900603,44,0.3218154025401667,matang
843,30.627309203850913,90.85011959093995,45,0.3300597954699796,matang
844,29.529226938760495,91.5998850931106,44,0.2729773380685985,matang
845,28.121014675469564,91.98382180142283,45,0.3821194966989145,matang
846,30.585417772503263,90.43318402677588,45,0.325750956133683,matang
847,27.962498858055113,93.01750570972445,49,0.4610921084542232,matang
848,28.18,91.43592819693976,45,0.3086043379907355,matang
849,28.87190918506696,90.9124027082168,45,0.3434630557109469,matang
850,28.049341674641692,89.29131665071661,41,0.1905492739753576,matang
851,28.824683616741513,90.47919836857672,44,0.3672573759176099,matang
852,28.34575672138692,92.06665766516036,48,0.5009549528113286,matang
853,29.32535702752356,91.59262466052004,44,0.2953570275235608,matang
854,28.257720948069093,92.03799242585085,46,0.3533207097513745,matang
855,28.495233466767704,90.96707392968962,45,0.2743891054655678,matang
856,28.151478074632657,91.16771337303396,46,0.5186951865816427,matang
857,28.65589050563854,93.58213950035824,42,0.2901592028550956,matang
858,28.076818423915157,88.961430093181,40,0.1989609006199102,matang
859,27.767785885649037,89.6047044155269,41,0.2077470903527805,matang
860,27.869966804716935,88.11753171617302,39,0.4420835798516743,matang
861,28.38208193900015,93.29575560282984,42,0.382070986709983,matang
862,28.567038307769028,93.94793622715284,47,0.489136957408843,matang
863,29.067602879780964,93.24508120757764,46,0.3102246911474313,matang
864,29.0902850359618,91.58376346331292,42,0.3245180358006274,matang
865,28.161937506071187,91.09265647766954,45,0.5225624453593107,matang
866,28.11786249109737,94.30071250296754,50,0.497464222193678,matang
867,28.294797822866,94.24173405904466,50,0.5361052716603918,matang
868,28.717519469408572,93.38282105962904,48,0.5237256818005249,matang
869,27.96397444780876,88.38313341812749,39,0.334038328286857,matang
870,28.04934371828795,91.85979316015587,50,0.6177374873151804,matang
871,28.28864183922863,90.20740139046234,44,0.3453562332158377,matang
872,28.724083257679485,90.9504303085324,45,0.2993545372013983,matang
873,29.10546255947928,91.18245778028206,46,0.3218906002169657,matang
874,28.76409646484309,88.5741817733882,40,0.0733475514241843,matang
875,27.50297842657397,94.61283274359737,47,0.3188652284382648,matang
876,28.482933701376773,92.23510029531188,49,0.4348920528930022,matang
877,29.041910478043384,90.43549344556504,44,0.3233449789565545,matang
878,28.530483103172493,91.99991438677957,47,0.2901651112108512,matang
879,29.257524371476887,90.88003249530252,45,0.3899675046974838,matang
880,28.186436268654273,91.03965773823008,46,0.5372885878303311,matang
881,28.86771796613832,93.80398424560852,45,0.3524481033004009,matang
882,28.634937477324456,92.7415581730928,47,0.269012504535109,matang
883,28.417522073274807,94.38952695418313,45,0.4578651926886254,matang
884,29.318161891838304,91.86892795392824,48,0.5573741311975776,matang
885,28.867322213347418,92.1847090955569,42,0.3193535222517356,matang
886,29.21937175835211,90.87343494298857,45,0.3954200760152687,matang
887,29.10038798884433,93.40935320771231,45,0.3632758695283005,matang
888,28.730552387697543,91.58425057421616,43,0.2422835986330602,matang
889,28.901236878028445,93.38133043818056,45,0.2743290730995651,matang
890,28.43884330069471,93.23729140028443,42,0.3758272369235813,matang
891,28.033648377992456,90.91107618792452,46,0.4790026652377381,matang
892,28.501771593634885,92.96214773748072,42,0.3656909247505074,matang
893,29.469989257025475,91.7489843294457,48,0.5210264135288137,matang
894,28.071799814974337,92.47100092512834,49,0.6182122340256062,matang
895,29.219210515414375,91.16059711655076,46,0.32,matang
896,27.765980838015206,89.3356530403933,41,0.256394353598583,matang
897,29.15014690678095,90.54105426871013,44,0.3049619772425894,matang
898,28.895841463569205,91.20557757450428,48,0.4009241192068432,matang
899,27.774979922691735,89.53389423450173,41,0.2111659974230578,matang
900,28.6819342523297,90.95349569073966,45,0.2947564638905126,matang
901,28.25209282850716,93.15278987973008,49,0.4693800267266492,matang
902,28.66871211306984,92.98023226569354,47,0.2622575773860319,matang
903,27.170872760116826,94.93977557596996,47,0.4197506399666217,matang
904,29.091797112494948,90.47903024646706,43,0.37,matang
905,28.17565742528484,90.99651386207272,45,0.3051386207273946,matang
906,28.18599751050856,91.02093919952152,46,0.4464702221336119,matang
907,28.91724027726099,91.28441151648364,46,0.4003165511412545,matang
908,30.488676244281297,91.1402690341711,48,0.3357291364021245,matang
909,27.726213977862795,93.94244861079856,49,0.3886008222272232,matang
910,27.87804853017476,94.38065048994174,50,0.4450910583140284,matang
911,28.38633186638078,91.48457834649682,49,0.5017702463517686,matang
912,27.592802887491395,94.75270268307224,47,0.3349688179888854,matang
913,27.330779667197472,92.36143926373408,48,0.511895480152411,matang
914,28.25317926278878,91.80470122868536,46,0.427443819792813,matang
915,28.427931176022888,93.07996685061778,49,0.3848590371075557,matang
916,28.13944952395512,92.86810078505648,49,0.4115499749450061,matang
917,29.096616623932423,91.90738435249918,48,0.546461613571662,matang
918,30.14226014675108,90.20368051808688,45,0.3324810591462421,matang
919,28.26838948433676,91.30948576003937,47,0.4414989046184127,matang
920,28.701803125188636,91.34558010813318,46,0.4297036658545019,matang
921,27.970371440774848,88.05327158614097,39,0.4219488670421689,matang
922,28.95629803342556,91.26325523189448,46,0.3840424860726826,matang
923,29.52255736354298,92.65545345288596,44,0.2632708699061409,matang
924,28.77420788515054,93.51085202179186,47,0.4416866356474636,matang
925,28.16127324167563,91.01809013748657,45,0.5209013748655349,matang
926,27.713023044122405,92.94556984354163,47,0.3746682788099618,matang
927,27.453926850234115,93.92938077992866,47,0.3155951233489409,matang
928,27.40027988048804,93.18189966813334,47,0.3120186586992025,matang
929,27.48069338138007,92.65385566169034,46,0.3221307815211037,matang
930,28.4793400139135,91.8367622670546,47,0.3350310987435559,matang
931,29.02635999739603,90.92844654564392,45,0.3323301815341121,matang
932,28.26564935907409,92.36660753592592,50,0.5394393370370293,matang
933,27.665501428987753,94.16565651107445,49,0.385029495822809,matang
934,29.204235129044314,92.17374146748443,49,0.4656268283961908,matang
935,27.98127924312786,93.09069204956096,47,0.4252411687864,matang
936,28.687725789212585,91.76484518699216,47,0.3100741913543285,matang
937,28.755732686791625,93.15294466106243,46,0.2634423948541647,matang
938,29.175193256966537,90.07043233948063,43,0.4380518807376753,matang
939,29.339240379203577,93.10745154120352,46,0.3754176910088589,matang
940,30.628929942058473,90.88539560705914,47,0.2689299420584731,matang
941,28.38450257174687,92.00532361486036,48,0.4898261866072506,matang
942,28.81388939954649,93.72944449086786,48,0.5275002089053802,matang
943,29.61398824780656,91.94422447451431,49,0.4632791734036627,matang
944,28.90663929682672,90.4943997731699,44,0.3459201587810635,matang
945,28.955698495660865,91.32750445181576,48,0.3832029474766382,matang
946,28.852768431772024,93.18084767928008,45,0.2998304641439854,matang
947,29.426859205614697,89.18304067383413,40,0.1922628158877061,matang
948,28.742429527673504,91.43425695356476,46,0.4150297218574091,matang
949,28.170758978776988,91.00386153183452,45,0.3786153183451655,matang
950,29.056085062714725,93.1363404218929,58,1.0443829532502569,terlalu matang
951,27.77197039946081,94.341400974962,52,0.6226765335130637,terlalu matang
952,29.170106594993165,92.92171322023044,48,0.4054543121109162,terlalu matang
953,28.805002175165605,93.80977507090503,48,0.3458888405518754,terlalu matang
954,26.89146492930613,93.94600050573494,50,0.6193700588293334,terlalu matang
955,29.06368209710779,91.62838346956244,48,0.3301796144930632,terlalu matang
956,29.85933251746114,92.21655256814364,58,1.0135867977005524,terlalu matang
957,27.8576101464401,95.21447707456804,51,0.5306497559331721,terlalu matang
958,28.316490060578374,92.75863578191786,55,0.8238719676915343,terlalu matang
959,28.24072294374444,92.8780651897072,53,0.7435896358473877,terlalu matang
960,27.593527357459102,96.83872729243237,59,1.1116000216755852,terlalu matang
961,28.648123954750595,92.61362479095013,57,1.0067249581900235,terlalu matang
962,26.936415576693715,94.29836365438132,57,1.062577933017237,terlalu matang
963,27.484278142790956,96.10713023798492,56,0.6911883729974876,terlalu matang
964,27.95534109084523,92.89715402375984,55,0.67,terlalu matang
965,28.98302676662346,93.12678693797795,56,0.7254132762151667,terlalu matang
966,27.73553980005687,93.9840858494289,49,0.4872438241291065,terlalu matang
967,27.74634148971021,95.13906999113404,50,0.5723988192466916,terlalu matang
968,28.36062003805621,92.49255954332544,51,0.6500793911005943,terlalu matang
969,28.103085667610728,95.69081221777446,55,0.8180510573074053,terlalu matang
970,29.328225299168796,92.02942583208404,48,0.5094780291672931,terlalu matang
971,29.569449887717905,91.74013960960464,49,0.4721921229919095,terlalu matang
972,28.525868358823807,93.22604639169111,58,0.926100317279464,terlalu matang
973,29.20651344247208,93.1108812251981,58,1.0485440724246593,terlalu matang
974,27.672512316140796,94.20454843760108,53,0.6083415440938644,terlalu matang
975,28.21025735090063,94.86062907997932,57,0.9202001618116002,terlalu matang
976,28.473279089634268,93.2054883514904,58,0.9167790738143876,terlalu matang
977,28.48080294962763,92.31102809402005,52,0.606045028878484,terlalu matang
978,27.005129639799925,93.51062022290108,51,0.52,terlalu matang
979,29.61254297570745,92.46745702429256,59,1.1849713495283678,terlalu matang
980,29.449437782536513,92.50303386297564,54,0.7043818856097329,terlalu matang
981,30.234279454271427,93.0544277768048,57,0.96412944551471,terlalu matang
982,28.578859431591127,92.64083657328683,57,0.9467679983740088,terlalu matang
983,27.852475928943026,96.38988405198762,56,0.7810886221835525,terlalu matang
984,29.489906656655617,92.5900933433444,59,1.266728895562921,terlalu matang
985,28.83357098934556,92.59774489060128,52,0.6095536263318048,terlalu matang
986,28.650314255788437,92.32858656318926,52,0.6324607180264454,terlalu matang
987,29.44922150408426,92.30032957562612,51,0.4591317200263307,terlalu matang
988,28.85516981850043,92.7057822937308,52,0.566258349846418,terlalu matang
989,27.80820762996093,95.2432431211572,50,0.556344277529304,terlalu matang
990,29.05582310591519,92.93892678778572,57,0.8197316969464307,terlalu matang
991,28.927053677477694,95.02,55,0.7901061129506279,terlalu matang
992,29.111147023214222,93.12413973258931,56,0.8617205348213417,terlalu matang
993,29.23035225884392,93.10751899338474,59,1.0962481006615248,terlalu matang
994,27.82980128799848,95.43976983390664,51,0.53009935600076,terlalu matang
995,29.094086281008185,91.39019554470585,47,0.426891442521053,terlalu matang
996,28.13673763753696,95.65496745041332,56,0.919016364146505,terlalu matang
997,29.323448837437567,92.7652640150363,60,1.3778217868815368,terlalu matang
998,28.297560644559315,94.4568566581482,53,0.6563460559780938,terlalu matang
999,30.06021615921573,92.24823088928714,53,0.6184132351328573,terlalu matang
1000,28.830658141620027,93.15018281711669,56,0.949122477839962,terlalu matang
1001,27.61888917852561,94.35648066084411,53,0.5725927856837384,terlalu matang
1002,28.770423384696056,95.19468246147795,58,0.9051058461740146,terlalu matang
1003,26.94444686886212,93.44712534034107,50,0.5014741151132069,terlalu matang
1004,29.39458404991604,91.90541595008396,50,0.3749520336643058,terlalu matang
1005,29.33971606827402,92.11119095350936,48,0.3467429017068504,terlalu matang
1006,29.322587216367697,94.80704123721272,54,0.779261443350623,terlalu matang
1007,29.758450361852777,92.61880074061548,54,0.5835977781535538,terlalu matang
1008,27.12213721768717,94.33247132129084,49,0.5218362630997961,terlalu matang
1009,27.04,96.55306710177366,58,0.9874369886918144,terlalu matang
1010,28.535313767232736,92.8092914977023,53,0.6521255068930936,terlalu matang
1011,27.430802024216355,94.6246008975299,56,0.8009999045180964,terlalu matang
1012,27.083618339505534,94.19744969605976,56,0.8993609488539789,terlalu matang
1013,29.736878491002575,91.83805216320918,51,0.43155661272195,terlalu matang
1014,28.992679774904225,92.89145546701243,60,1.183129282018035,terlalu matang
1015,27.069974769045775,95.97786164838467,52,0.6453521867768486,terlalu matang
1016,29.070423168937264,92.91664810073736,56,0.8651447639044947,terlalu matang
1017,28.300233540942703,94.4822712001435,53,0.6094613925819631,terlalu matang
1018,28.615229105777047,95.3079220551076,58,1.09355305244471,terlalu matang
1019,28.239681440667827,92.05700260717668,52,0.5983289880388748,terlalu matang
1020,29.72579836959932,92.62,54,0.5668228887999218,terlalu matang
1021,27.690279481456983,94.15420813587188,53,0.6201863209713214,terlalu matang
1022,28.400071301469605,92.54739512794032,54,0.7846476529414388,terlalu matang
1023,29.17905315697829,93.10047342151086,59,1.086939962209634,terlalu matang
1024,27.480203060717148,94.21422497461084,52,0.5738027749567605,terlalu matang
1025,28.024275171428105,94.5652226236932,54,0.6186396578396567,terlalu matang
1026,27.142464548411084,93.40523413512564,54,0.7618009078238213,terlalu matang
1027,28.466343929291305,93.2142687202271,57,0.902648205779172,terlalu matang
1028,28.70947993051978,95.30582344334368,54,0.7223916521916209,terlalu matang
1029,28.039375250764223,93.05808595317276,55,0.790573021151759,terlalu matang
1030,28.450153891574953,92.59080003936496,54,0.7712922955800128,terlalu matang
1031,29.076094532149575,94.81898424464174,54,0.7436719184527543,terlalu matang
1032,26.85798076971518,93.91471541630077,50,0.4347068859263971,terlalu matang
1033,27.415776857594345,93.70633471360848,59,1.0606598660008837,terlalu matang
1034,28.587975097622895,92.24228902007846,51,0.6401760784675744,terlalu matang
1035,29.130456208683345,93.14284037465058,48,0.3795290595237257,terlalu matang
1036,27.199332624877336,94.79800850147198,59,0.9043924485799208,terlalu matang
1037,29.256047708519795,94.74951419479008,53,0.7395141947900751,terlalu matang
1038,29.175642445395148,92.8908402083732,48,0.4090739066045206,terlalu matang
1039,27.78162211885035,95.3325190780321,59,1.132886451680475,terlalu matang
1040,29.571039556185376,91.731648576959,51,0.4847672455151424,terlalu matang
1041,29.806156049466416,92.6195022948451,54,0.5814931154647169,terlalu matang
1042,27.50741001697702,91.80592801358162,47,0.4532086587440579,terlalu matang
1043,27.695104092674026,96.86234978899397,59,1.137584767893356,terlalu matang
1044,27.79198402471191,94.12114654387425,53,0.6362113671204258,terlalu matang
1045,27.80504517213965,93.1218409220438,59,1.0123652789868964,terlalu matang
1046,28.63598944381104,94.08530342413128,49,0.3562181170376251,terlalu matang
1047,28.78,92.6790159296354,52,0.5260921494606936,terlalu matang
1048,28.685394252613474,93.14410347868132,60,1.1628980337888208,terlalu matang
1049,28.789733452157297,93.08095080527322,60,1.1985930231064432,terlalu matang
1050,29.79598089938497,91.87800804236424,50,0.4564927116074223,terlalu matang
1051,29.111827391622985,92.01133406434498,52,0.4582398972998589,terlalu matang
1052,29.910284370992027,92.47943125801596,54,0.5924031242927108,terlalu matang
1053,27.005484438201584,93.50547564607704,51,0.52,terlalu matang
1054,27.11229811200064,95.97030390857132,52,0.6536657005715547,terlalu matang
1055,28.071665546513785,94.21347954297762,52,0.6062401075346766,terlalu matang
1056,27.776302249470735,91.99444730288953,48,0.3391232583509755,terlalu matang
1057,29.244843853923413,91.41417970403327,47,0.3960546662429383,terlalu matang
1058,28.575895770438663,93.21764507104612,59,1.1185281694038276,terlalu matang
1059,28.393688832359324,92.20239230052316,53,0.5678962774531077,terlalu matang
1060,29.103100013772213,93.73235568417364,59,1.02781772082166,terlalu matang
1061,27.716756101320247,92.73643275078732,54,0.6343423922803622,terlalu matang
1062,28.121906231021356,92.73893305107796,55,0.7408392820993059,terlalu matang
1063,27.98754148904901,96.0802315713028,59,1.0277769200639642,terlalu matang
1064,27.80284770214063,96.1169743400946,53,0.61,terlalu matang
1065,29.31718740192936,94.79750656149513,54,0.76,terlalu matang
1066,28.623817508868328,92.79749099881757,53,0.6875270035473314,terlalu matang
1067,28.50243328243489,92.81648628648593,53,0.6589186439181239,terlalu matang
1068,28.856700010641767,92.65534000212836,57,1.0150680004256707,terlalu matang
1069,27.617638413598403,92.9899172375778,54,0.6664226598269839,terlalu matang
1070,29.234091299224076,92.90838775588568,59,1.258946830724835,terlalu matang
1071,28.96798735059039,94.08547194083292,59,1.062861660503431,terlalu matang
1072,29.791917583941753,91.67649285912428,50,0.470479395985438,terlalu matang
1073,27.237007308872844,93.75213504970016,51,0.545538322248195,terlalu matang
1074,27.959081333661803,95.30953944056354,51,0.5013792257746643,terlalu matang
1075,28.357062415888784,92.55563612341842,55,0.7738087641567895,terlalu matang
1076,26.785507100554227,94.26173904115564,55,0.9213043835377406,terlalu matang
1077,28.634293848260832,90.69486322651926,45,0.3021469241304172,terlalu matang
1078,27.462218366688372,94.36570366611603,57,0.9263371324856918,terlalu matang
1079,28.19779184301664,92.86662447095009,53,0.7535067974861347,terlalu matang
1080,28.481841649620726,92.1510345612456,53,0.56906824186114,terlalu matang
1081,27.783133678796545,93.01317749811707,55,0.6763111769136274,terlalu matang
1082,29.145713267806222,93.11714336609688,59,1.0797957002441907,terlalu matang
1083,27.05438369138882,96.5159432106882,57,0.9801929376894394,terlalu matang
1084,28.018260366699867,96.04508691364614,56,0.7783743239108784,terlalu matang
1085,28.99650312293175,92.82,57,0.8068670830575663,terlalu matang
1086,27.431962731115288,94.37639254622306,54,0.6331456346909929,terlalu matang
1087,29.091215375940216,92.79119790328087,60,1.281206639610548,terlalu matang
1088,27.018589960919897,94.10662342452024,57,0.9461642220301474,terlalu matang
1089,28.23256653837909,95.05925124257818,56,0.9467734220378778,terlalu matang
1090,28.653576245626365,91.80842994094452,48,0.3101744510061642,terlalu matang
1091,28.12458811233875,92.89080755416866,53,0.7519244583134257,terlalu matang
1092,29.477356521886826,92.17548043412722,51,0.467923913089632,terlalu matang
1093,27.57170395681784,96.25283992802972,56,0.7154733213382891,terlalu matang
1094,29.90379969943204,91.82193960926163,50,0.4984499248580094,terlalu matang
1095,29.944478926707852,92.41104214658432,54,0.5984374576543265,terlalu matang
1096,28.012995546071917,91.51966893459532,50,0.5468389212257504,terlalu matang
1097,29.12650327906731,91.96614892259215,52,0.5168482667787078,terlalu matang
1098,28.1023009323242,91.92562535873157,48,0.3282566355891932,terlalu matang
1099,28.930720022973297,94.62134734423864,52,0.5510105081789761,terlalu matang
1100,28.926733757939218,92.63215383264792,53,0.6294792883824543,terlalu matang
1101,27.812030064329775,94.56875924467182,51,0.6066165594503737,terlalu matang
1102,29.98274353535211,92.52998289249044,55,0.7965555500742435,terlalu matang
1103,27.473608109776276,93.11719139022983,51,0.5680778780508731,terlalu matang
1104,29.311936696067068,93.11222371290891,60,1.1062553648753974,terlalu matang
1105,28.392937319764503,94.91766951763206,51,0.4593931626034352,terlalu matang
1106,28.363856101413223,92.20231693934188,52,0.6076921675857292,terlalu matang
1107,29.994931971824,92.310136056352,54,0.6073409362042346,terlalu matang
1108,27.825221624137907,93.04011453438956,57,0.7994372542404394,terlalu matang
1109,28.78915199062117,95.00627115740112,55,0.8556778935027854,terlalu matang
1110,29.83490513889436,92.17506567307314,57,0.8449781089756215,terlalu matang
1111,29.66193090375562,91.62818890598004,49,0.4575898573017441,terlalu matang
1112,29.672315513349343,91.61348209998152,50,0.464494033327176,terlalu matang
1113,30.1248515234269,92.22779476207867,53,0.6152205237921318,terlalu matang
1114,27.174424660669,95.05923606562152,58,0.9188340031752352,terlalu matang
1115,28.917387846349,92.85032822166336,57,0.7975820554158395,terlalu matang
1116,29.60557194233912,93.29348779719749,59,1.002376104185361,terlalu matang
1117,30.08370004799105,92.2790338136676,53,0.6042446205528824,terlalu matang
1118,27.840880558340885,92.57030799563806,55,0.8252694961833065,terlalu matang
1119,28.988702590498477,91.42673127917276,47,0.4258719388547415,terlalu matang
1120,29.88027729596039,92.33321957088803,54,0.6598933477075425,terlalu matang
1121,27.779467217305235,95.19752169818948,49,0.5545106136841732,terlalu matang
1122,28.250227344051662,92.67504002723638,55,0.6983957722717609,terlalu matang
1123,27.205208310534495,96.4383295350083,58,0.9980589419772924,terlalu matang
1124,28.296702588746587,92.39488493756107,59,1.0318176511855155,terlalu matang
1125,27.58187433953597,91.4320962368295,46,0.4087165732238014,terlalu matang
1126,28.5367550817074,92.07924097096624,50,0.4065528584271159,terlalu matang
1127,28.807198851344474,91.28056808241818,46,0.4105386910868725,terlalu matang
1128,28.75761090076732,94.5726762379575,52,0.536478464595639,terlalu matang
1129,26.800181421401543,93.83500825048117,50,0.4263166579453852,terlalu matang
1130,28.714446222541827,95.12333374366352,58,1.0044431450655862,terlalu matang
1131,27.587917221836765,94.32706820442506,54,0.5654921718923799,terlalu matang
1132,28.50448673919014,92.50917878270424,54,0.6187331043788713,terlalu matang
1133,26.906229944464684,96.00710179563131,52,0.6131880248055624,terlalu matang
1134,29.27120620828233,92.84428018569416,59,1.3112451116705484,terlalu matang
1135,30.261066580105624,93.04897610716183,58,0.98224402679046,terlalu matang
1136,26.997947495408877,93.6147613165713,51,0.52,terlalu matang
1137,28.74338758892955,92.10643438452816,49,0.247756866742256,terlalu matang
1138,28.256525609428454,92.0599751075462,52,0.5933748207563371,terlalu matang
1139,27.58505224356761,95.73954571200204,52,0.7042657580309578,terlalu matang
1140,28.279759834178623,96.07244748900332,59,1.0235299357025205,terlalu matang
1141,29.728310746127185,91.59380396996534,50,0.4545776865317962,terlalu matang
1142,29.406271674892217,91.7140173468751,48,0.4228323715517487,terlalu matang
1143,28.570600470586527,93.20268557983242,58,0.9162190700279298,terlalu matang
1144,30.29422969116428,93.04849210978573,57,0.9706586792357136,terlalu matang
1145,28.060518903065564,95.21791841013432,51,0.4915626868001068,terlalu matang
1146,27.88855348691259,92.65298830635676,54,0.6212530676638027,terlalu matang
1147,29.716318275141106,92.62,54,0.5657290317470504,terlalu matang
1148,27.554589183825268,94.45662287154092,53,0.6340212958009134,terlalu matang
1149,29.286182118888807,92.89104428930588,60,1.2616374161108266,terlalu matang
1150,27.04461915650701,93.6917665904451,52,0.5309238313014024,terlalu matang
1151,27.555460442074914,94.45458643659596,53,0.6340527870629487,terlalu matang
1152,27.667537983680553,93.25572341142362,52,0.6555075967361108,terlalu matang
1153,29.05381427544169,93.19269762075972,56,0.7294730113074179,terlalu matang
1154,29.5280623827286,92.40464461270165,56,0.7715482042338798,terlalu matang
1155,27.62449021508794,94.34061105725084,53,0.5763268100586255,terlalu matang
1156,27.996634959506057,96.13968378431711,53,0.61,terlalu matang
1157,28.694658705644247,92.71209766501184,57,0.8844145431146359,terlalu matang
1158,28.845484141105583,92.863144823618,60,1.1824496558668462,terlalu matang
1159,29.58560361042305,92.62,54,0.5506465704334289,terlalu matang
1160,29.68024650839573,93.10928252392122,57,0.9037892236866631,terlalu matang
1161,27.74692715601544,96.07538543120307,54,0.8130749651125913,terlalu matang
1162,28.98680792982218,95.02,55,0.8386564429805219,terlalu matang
1163,28.500389138496768,94.82061626200291,51,0.4489945995003127,terlalu matang
1164,29.636367792407448,92.45339183015156,55,0.7466081698484537,terlalu matang
1165,28.5904813248765,94.67260608409669,53,0.6257789758045164,terlalu matang
1166,27.509614557069852,92.94904334591833,54,0.6635030961370231,terlalu matang
1167,28.1554441614969,92.71333206418296,55,0.6815173436839881,terlalu matang
1168,28.429229262027643,92.68174633348973,53,0.6545804880896526,terlalu matang
1169,28.947898250111816,92.71329070358776,58,1.0134607546524073,terlalu matang
1170,28.942379167409428,93.04092610222028,56,0.9103367644437316,terlalu matang
1171,28.15656981405816,91.87238226046264,51,0.5288419170191678,terlalu matang
1172,29.300861259163483,91.99913874083651,50,0.3117436399009542,terlalu matang
1173,27.989950327505095,92.84280223303776,59,1.019089102818367,terlalu matang
1174,27.6657379989165,94.39749729161264,52,0.5941663657347381,terlalu matang
1175,29.851085253430153,91.81036175114338,51,0.5,terlalu matang
1176,29.097334896321065,92.81964352285392,56,0.7920046889631958,terlalu matang
1177,28.891294574857987,92.82,57,0.7928392766477314,terlalu matang
1178,28.252911054608045,94.4269498573318,53,0.6550823883379636,terlalu matang
1179,29.1481467197007,92.97843628216992,56,0.8627799204489477,terlalu matang
1180,29.04514470277918,92.6530707364578,54,0.6339281869210045,terlalu matang
1181,29.13521307996136,92.64595391627536,57,0.7817120912512076,terlalu matang
1182,28.37,92.07726717856006,50,0.4621583973200085,terlalu matang
1183,28.252984481992435,92.19901885560373,51,0.626557650622636,terlalu matang
1184,28.67508279005503,95.11424987462809,58,1.0332087303444004,terlalu matang
1185,28.165973425594647,91.89474760681968,51,0.5275711587034263,terlalu matang
1186,28.474617854200293,93.17678718504705,59,1.042409611214719,terlalu matang
1187,27.51136343290159,94.97435697387893,60,1.1312774189431856,terlalu matang
1188,29.954254441346716,92.39149111730656,54,0.6001625484729496,terlalu matang
1189,27.969775998707107,92.93988799935354,55,0.8671714782468164,terlalu matang
1190,27.26342392341013,93.58569051513147,57,0.7446339431743106,terlalu matang
1191,29.069816349142567,93.61539250100456,59,1.0398163491425685,terlalu matang
1192,27.782511454364208,96.48357253407704,55,0.8102900749302794,terlalu matang
1193,29.46770888228745,92.64121054445684,54,0.56996286537112,terlalu matang
1194,28.142670222482025,95.25662466664232,60,1.159277925936751,terlalu matang
1195,28.79166222167559,92.70089709397504,52,0.5271767518003653,terlalu matang
1196,28.45132596507507,92.5918158363984,54,0.7709797426466471,terlalu matang
1197,28.794665291224387,94.80346446595902,53,0.6875983494692657,terlalu matang
1198,28.827980835726606,94.58869505087388,52,0.5431868023303497,terlalu matang
1199,28.54871844728079,92.21988847431628,52,0.6368244959446763,terlalu matang
1200,26.89402996431552,93.9044909739718,50,0.6072454869858914,terlalu matang
1201,27.000138800140903,93.58298739795688,51,0.52,terlalu matang
1202,27.393469602496108,94.3686939204992,54,0.6499014671487536,terlalu matang
1203,27.92113514206425,96.87504572658604,59,1.1867484396824226,terlalu matang
1204,29.222867914696483,92.90458866351436,57,0.8405735829392964,terlalu matang
1205,28.423083122666306,92.48699278431612,59,1.0660903383501834,terlalu matang
1206,28.9339331835651,95.02,55,0.7956957116466423,terlalu matang
1207,27.31463210177064,95.05308258755912,53,0.5800963308612226,terlalu matang
1208,29.132316000989643,92.57677920118756,53,0.6155367998020715,terlalu matang
1209,26.957379934137084,93.63833717132944,50,0.5604769737407046,terlalu matang
1210,28.298775320058606,92.822408847789,55,0.8333198293020757,terlalu matang
1211,27.689551599873912,96.06391031997478,54,0.8406152320605222,terlalu matang
1212,28.951987383030847,92.54604968457576,53,0.6279006308484576,terlalu matang
1213,28.87313178647285,92.8220043433426,57,0.7905010858356561,terlalu matang
1214,29.303222970600856,94.78112950489984,54,0.756290165033381,terlalu matang
1215,28.94175173192046,92.72867961391944,57,0.9400263485609538,terlalu matang
1216,28.671955542963666,95.53754431537756,59,1.0921222568499234,terlalu matang
1217,28.36465943478106,92.12005423914204,53,0.5689009420315663,terlalu matang
1218,27.869180062804254,93.04744875392528,55,0.7196583595017736,terlalu matang
1219,27.24544781065613,94.46086473781874,60,1.1175231626201447,terlalu matang
1220,28.52115944966148,92.76761498599468,53,0.7096061707036881,terlalu matang
1221,27.673215482797435,93.01094639889634,54,0.6679247427783092,terlalu matang
1222,29.80595090761783,91.69473617990316,50,0.4739877269044585,terlalu matang
1223,28.82484872956676,92.70344990227436,52,0.5475992181949298,terlalu matang
1224,28.798157185118168,95.2497741532964,58,0.9518428148818298,terlalu matang
1225,29.128746758503908,92.02617873592096,49,0.4883461702187752,terlalu matang
1226,29.19118965807981,92.61074261090666,54,0.6055443345600271,terlalu matang
1227,27.760229084179308,96.56704847363218,56,0.7678414122720296,terlalu matang
1228,27.02847101581677,95.7887473986406,52,0.61,terlalu matang
1229,28.37,92.27588516551242,50,0.4869856456890533,terlalu matang
1230,28.89283563367398,93.17069101723348,59,1.089181885770928,terlalu matang
1231,29.937852531983513,92.1353249669136,58,0.9567274768395246,terlalu matang
1232,28.42664771675947,94.99841381904078,57,1.0343418505119415,terlalu matang
1233,27.223489041730797,95.9504483854052,52,0.6755067760542638,terlalu matang
1234,28.35735895161832,92.55530470113248,55,0.7740180834952853,terlalu matang
1235,28.510219029254213,95.3,59,0.904043012738276,terlalu matang
1236,26.976780678382426,94.09086518163566,49,0.5807645898449624,terlalu matang
1237,28.909062658139703,92.8401824014859,60,1.1827343354650737,terlalu matang
1238,29.299340040885692,92.43796811050755,51,0.4739043315226462,terlalu matang
1239,28.938957247024753,94.99450143384126,54,0.76,terlalu matang
1240,27.65663907102912,95.2686864143582,59,1.1280710149935935,terlalu matang
1241,29.451786242791098,93.42780695249893,59,1.0101627218839953,terlalu matang
1242,28.348046513550425,92.51293022967435,54,0.6135264262748261,terlalu matang
1243,27.22300755616836,94.52959646296024,55,0.8141614148159116,terlalu matang
1244,28.68729247274787,92.47555019717906,52,0.5785521224750262,terlalu matang
1245,29.70094009791025,91.57938347002153,50,0.4461171848186794,terlalu matang
1246,28.085828931474552,90.69231726029192,45,0.2865636773203593,terlalu matang
1247,28.443254247086244,95.0124280380862,55,0.76,terlalu matang
1248,28.86962891452812,92.39733187814625,53,0.6005104525293068,terlalu matang
1249,28.94555429418391,92.71572147269818,58,1.012983282148574,terlalu matang
1250,28.78,92.17017933826672,52,0.6738189017935307,terlalu matang
